{"cameraMode":{"drawMode":0,"name":"Shaded","section":"Shading Mode"},"sceneLighting":false,"audioPlay":false,"sceneViewState":{"showFog":true,"showMaterialUpdate":false,"showSkybox":true,"showFlares":true,"showImageEffects":true,"showParticleSystems":true},"in2DMode":false,"pivot":{"x":0.0,"y":1.5633845329284669,"z":2.5799999237060549},"rotation":{"x":-0.04464569687843323,"y":-0.9308148622512817,"z":0.12159595638513565,"w":-0.3417673110961914},"size":4.014520645141602,"orthographic":true}