{"cameraMode":{"drawMode":0,"name":"Shaded","section":"Shading Mode"},"sceneLighting":false,"audioPlay":false,"sceneViewState":{"showFog":true,"showMaterialUpdate":false,"showSkybox":true,"showFlares":true,"showImageEffects":true,"showParticleSystems":true},"in2DMode":false,"pivot":{"x":0.0,"y":-5.210000038146973,"z":-0.929999828338623},"rotation":{"x":0.0047896858304739,"y":-0.06505279242992401,"z":0.0003125927469227463,"w":0.9978703260421753},"size":36.23780059814453,"orthographic":false}