{"cameraMode":{"drawMode":0,"name":"Shaded","section":"Shading Mode"},"sceneLighting":false,"audioPlay":false,"sceneViewState":{"showFog":true,"showMaterialUpdate":false,"showSkybox":true,"showFlares":true,"showImageEffects":true,"showParticleSystems":true},"in2DMode":false,"pivot":{"x":-1.2397804260253907,"y":11.193941116333008,"z":-4.905902862548828},"rotation":{"x":0.12684376537799836,"y":-0.5747275948524475,"z":0.09074494242668152,"w":0.8033456206321716},"size":37.502437591552737,"orthographic":false}