{"cameraMode":{"drawMode":0,"name":"Shaded","section":"Shading Mode"},"sceneLighting":false,"audioPlay":false,"sceneViewState":{"showFog":true,"showMaterialUpdate":false,"showSkybox":true,"showFlares":true,"showImageEffects":true,"showParticleSystems":true},"in2DMode":false,"pivot":{"x":2.049999952316284,"y":1.4900000095367432,"z":6.880000114440918},"rotation":{"x":-0.04438350722193718,"y":0.0005917493836022913,"z":-0.000025759381969692186,"w":-0.9990144371986389},"size":4.577077388763428,"orthographic":true}