{"cameraMode":{"drawMode":0,"name":"Shaded","section":"Shading Mode"},"sceneLighting":false,"audioPlay":false,"sceneViewState":{"showFog":true,"showMaterialUpdate":false,"showSkybox":true,"showFlares":true,"showImageEffects":true,"showParticleSystems":true},"in2DMode":false,"pivot":{"x":0.0,"y":2.9059998989105226,"z":-0.19500002264976502},"rotation":{"x":0.1666092723608017,"y":0.010936637409031392,"z":-0.001848243991844356,"w":0.9859606623649597},"size":4.776371479034424,"orthographic":false}