{"cameraMode":{"drawMode":0,"name":"Shaded","section":"Shading Mode"},"sceneLighting":false,"audioPlay":false,"sceneViewState":{"showFog":true,"showMaterialUpdate":false,"showSkybox":true,"showFlares":true,"showImageEffects":true,"showParticleSystems":true},"in2DMode":false,"pivot":{"x":0.013897895812988282,"y":3.0678858757019045,"z":0.11554937064647675},"rotation":{"x":0.06483277678489685,"y":0.928047239780426,"z":-0.19286201894283296,"w":0.31197625398635867},"size":4.991308212280273,"orthographic":true}