{"cameraMode":{"drawMode":0,"name":"Shaded","section":"Shading Mode"},"sceneLighting":false,"audioPlay":false,"sceneViewState":{"showFog":true,"showMaterialUpdate":false,"showSkybox":true,"showFlares":true,"showImageEffects":true,"showParticleSystems":true},"in2DMode":false,"pivot":{"x":0.0,"y":2.9059998989105226,"z":-0.19500002264976502},"rotation":{"x":0.20859143137931825,"y":0.46198976039886477,"z":-0.11276320368051529,"w":0.854599118232727},"size":4.776371479034424,"orthographic":false}