{"cameraMode":{"drawMode":0,"name":"Shaded","section":"Shading Mode"},"sceneLighting":false,"audioPlay":false,"sceneViewState":{"showFog":true,"showMaterialUpdate":false,"showSkybox":true,"showFlares":true,"showImageEffects":true,"showParticleSystems":true},"in2DMode":false,"pivot":{"x":-2.3700878620147707,"y":3.1124911308288576,"z":0.0054931640625},"rotation":{"x":0.06830181926488877,"y":0.9119825959205627,"z":-0.16962873935699464,"w":0.36721765995025637},"size":5.226600170135498,"orthographic":true}