{"cameraMode":{"drawMode":0,"name":"Shaded","section":"Shading Mode"},"sceneLighting":false,"audioPlay":false,"sceneViewState":{"showFog":true,"showMaterialUpdate":false,"showSkybox":true,"showFlares":true,"showImageEffects":true,"showParticleSystems":true},"in2DMode":false,"pivot":{"x":-0.08442795276641846,"y":1.6144726276397706,"z":9.389122009277344},"rotation":{"x":-0.02848200313746929,"y":-0.03148200735449791,"z":-0.0008974794181995094,"w":0.999098002910614},"size":6.000036239624023,"orthographic":false}