{"cameraMode":{"drawMode":0,"name":"Shaded","section":"Shading Mode"},"sceneLighting":false,"audioPlay":false,"sceneViewState":{"showFog":true,"showMaterialUpdate":false,"showSkybox":true,"showFlares":true,"showImageEffects":true,"showParticleSystems":true},"in2DMode":false,"pivot":{"x":-0.017212675884366037,"y":5.7545318603515629,"z":10.051698684692383},"rotation":{"x":0.047928884625434878,"y":-0.046130258589982989,"z":0.0022150238510221245,"w":0.9977825284004211},"size":3.0027451515197756,"orthographic":true}