{"cameraMode":{"drawMode":0,"name":"Shaded","section":"Shading Mode"},"sceneLighting":false,"audioPlay":false,"sceneViewState":{"showFog":true,"showMaterialUpdate":false,"showSkybox":true,"showFlares":true,"showImageEffects":true,"showParticleSystems":true},"in2DMode":false,"pivot":{"x":-0.8173084259033203,"y":0.801231324672699,"z":2.586818218231201},"rotation":{"x":0.06224244832992554,"y":-0.25923457741737368,"z":0.01674436219036579,"w":0.963661253452301},"size":3.925168752670288,"orthographic":false}