{"cameraMode":{"drawMode":0,"name":"Shaded","section":"Shading Mode"},"sceneLighting":false,"audioPlay":false,"sceneViewState":{"showFog":true,"showMaterialUpdate":false,"showSkybox":true,"showFlares":true,"showImageEffects":true,"showParticleSystems":true},"in2DMode":false,"pivot":{"x":-0.23516559600830079,"y":3.2920515537261965,"z":0.517791748046875},"rotation":{"x":-0.2062155306339264,"y":0.2422078549861908,"z":-0.05276523157954216,"w":-0.9465867280960083},"size":7.724640846252441,"orthographic":false}