{"cameraMode":{"drawMode":0,"name":"Shaded","section":"Shading Mode"},"sceneLighting":false,"audioPlay":false,"sceneViewState":{"showFog":true,"showMaterialUpdate":false,"showSkybox":true,"showFlares":true,"showImageEffects":true,"showParticleSystems":true},"in2DMode":false,"pivot":{"x":2.049999952316284,"y":1.4900000095367432,"z":6.880000114440918},"rotation":{"x":0.27236059308052065,"y":-0.2624622583389282,"z":0.07749348878860474,"w":0.9224576950073242},"size":4.577077388763428,"orthographic":true}