{"cameraMode":{"drawMode":0,"name":"Shaded","section":"Shading Mode"},"sceneLighting":false,"audioPlay":false,"sceneViewState":{"showFog":true,"showMaterialUpdate":false,"showSkybox":true,"showFlares":true,"showImageEffects":true,"showParticleSystems":true},"in2DMode":false,"pivot":{"x":9.559964179992676,"y":13.652606964111329,"z":17.017925262451173},"rotation":{"x":-0.0000891933887032792,"y":-0.9998155832290649,"z":-0.004800728522241116,"w":0.018594907596707345},"size":3.246015787124634,"orthographic":true}