{"cameraMode":{"drawMode":0,"name":"Shaded","section":"Shading Mode"},"sceneLighting":false,"audioPlay":false,"sceneViewState":{"showFog":true,"showMaterialUpdate":false,"showSkybox":true,"showFlares":true,"showImageEffects":true,"showParticleSystems":true},"in2DMode":false,"pivot":{"x":0.40273362398147585,"y":0.49926233291625979,"z":0.2514071464538574},"rotation":{"x":0.0003460584848653525,"y":0.9917644262313843,"z":-0.12804722785949708,"w":0.0026822711806744339},"size":7.927111625671387,"orthographic":false}