{"cameraMode":{"drawMode":0,"name":"Shaded","section":"Shading Mode"},"sceneLighting":false,"audioPlay":false,"sceneViewState":{"showFog":true,"showMaterialUpdate":false,"showSkybox":true,"showFlares":true,"showImageEffects":true,"showParticleSystems":true},"in2DMode":false,"pivot":{"x":4.823591232299805,"y":0.9861843585968018,"z":0.7583082914352417},"rotation":{"x":-0.2763495445251465,"y":0.24035760760307313,"z":-0.07159478217363358,"w":-0.9277571439743042},"size":4.917116641998291,"orthographic":false}