{"cameraMode":{"drawMode":0,"name":"Shaded","section":"Shading Mode"},"sceneLighting":false,"audioPlay":false,"sceneViewState":{"showFog":true,"showMaterialUpdate":false,"showSkybox":true,"showFlares":true,"showImageEffects":true,"showParticleSystems":true},"in2DMode":false,"pivot":{"x":1.2365641593933106,"y":1.068953275680542,"z":11.4005126953125},"rotation":{"x":0.13842596113681794,"y":-0.019310973584651948,"z":0.0026997020468115808,"w":0.9901808500289917},"size":14.28136920928955,"orthographic":true}