{"cameraMode":{"drawMode":0,"name":"Shaded","section":"Shading Mode"},"sceneLighting":false,"audioPlay":false,"sceneViewState":{"showFog":true,"showMaterialUpdate":false,"showSkybox":true,"showFlares":true,"showImageEffects":true,"showParticleSystems":true},"in2DMode":false,"pivot":{"x":1.376403570175171,"y":2.3619797229766847,"z":-2.1808929443359377},"rotation":{"x":0.004805572796612978,"y":0.9947967529296875,"z":-0.08466187119483948,"w":0.05646955594420433},"size":11.925151824951172,"orthographic":false}