{"cameraMode":{"drawMode":0,"name":"Shaded","section":"Shading Mode"},"sceneLighting":false,"audioPlay":false,"sceneViewState":{"showFog":true,"showMaterialUpdate":false,"showSkybox":true,"showFlares":true,"showImageEffects":true,"showParticleSystems":true},"in2DMode":false,"pivot":{"x":0.0060402750968933109,"y":1.1338725090026856,"z":-0.08030664920806885},"rotation":{"x":0.08813168108463288,"y":0.9031681418418884,"z":-0.22389467060565949,"w":0.3555154502391815},"size":5.486764430999756,"orthographic":false}