{"cameraMode":{"drawMode":0,"name":"Shaded","section":"Shading Mode"},"sceneLighting":false,"audioPlay":false,"sceneViewState":{"showFog":true,"showMaterialUpdate":false,"showSkybox":true,"showFlares":true,"showImageEffects":true,"showParticleSystems":true},"in2DMode":false,"pivot":{"x":1.8082544803619385,"y":2.4516959190368654,"z":12.192569732666016},"rotation":{"x":0.0908360406756401,"y":-0.15589818358421327,"z":0.014398756437003613,"w":0.9834822416305542},"size":4.572614669799805,"orthographic":false}