{"cameraMode":{"drawMode":0,"name":"Shaded","section":"Shading Mode"},"sceneLighting":true,"audioPlay":false,"sceneViewState":{"showFog":true,"showMaterialUpdate":false,"showSkybox":true,"showFlares":true,"showImageEffects":true,"showParticleSystems":true},"in2DMode":false,"pivot":{"x":-19.864139556884767,"y":9.440649032592774,"z":14.347137451171875},"rotation":{"x":0.09794816374778748,"y":-0.6025420427322388,"z":0.07486478984355927,"w":0.7885078191757202},"size":39.597591400146487,"orthographic":true}