{"cameraMode":{"drawMode":0,"name":"Shaded","section":"Shading Mode"},"sceneLighting":false,"audioPlay":false,"sceneViewState":{"showFog":true,"showMaterialUpdate":false,"showSkybox":true,"showFlares":true,"showImageEffects":true,"showParticleSystems":true},"in2DMode":false,"pivot":{"x":-16.79096794128418,"y":4.615295886993408,"z":27.687625885009767},"rotation":{"x":0.35523879528045657,"y":-0.5607632994651794,"z":0.28873974084854128,"w":0.6899124979972839},"size":17.698299407958986,"orthographic":false}