{"cameraMode":{"drawMode":0,"name":"Shaded","section":"Shading Mode"},"sceneLighting":false,"audioPlay":false,"sceneViewState":{"showFog":true,"showMaterialUpdate":false,"showSkybox":true,"showFlares":true,"showImageEffects":true,"showParticleSystems":true},"in2DMode":false,"pivot":{"x":0.03363891318440437,"y":0.9971686601638794,"z":0.5690485239028931},"rotation":{"x":0.014986268244683743,"y":0.041982926428318027,"z":-0.0006297937361523509,"w":0.9990057945251465},"size":1.0438578128814698,"orthographic":false}