{"cameraMode":{"drawMode":0,"name":"Shaded","section":"Shading Mode"},"sceneLighting":false,"audioPlay":false,"sceneViewState":{"showFog":true,"showMaterialUpdate":false,"showSkybox":true,"showFlares":true,"showImageEffects":true,"showParticleSystems":true},"in2DMode":false,"pivot":{"x":20.599842071533204,"y":16.32534408569336,"z":23.763736724853517},"rotation":{"x":0.1432153731584549,"y":0.47179609537124636,"z":-0.07797855883836746,"w":0.8664970397949219},"size":8.766979217529297,"orthographic":false}