{"cameraMode":{"drawMode":0,"name":"Shaded","section":"Shading Mode"},"sceneLighting":false,"audioPlay":false,"sceneViewState":{"showFog":true,"showMaterialUpdate":false,"showSkybox":true,"showFlares":true,"showImageEffects":true,"showParticleSystems":true},"in2DMode":false,"pivot":{"x":0.3217177391052246,"y":3.590695858001709,"z":-0.29857301712036135},"rotation":{"x":-0.041519612073898318,"y":0.9542427062988281,"z":-0.15830624103546143,"w":-0.25027206540107729},"size":9.876226425170899,"orthographic":false}