{"cameraMode":{"drawMode":0,"name":"Shaded","section":"Shading Mode"},"sceneLighting":false,"audioPlay":false,"sceneViewState":{"showFog":true,"showMaterialUpdate":false,"showSkybox":true,"showFlares":true,"showImageEffects":true,"showParticleSystems":true},"in2DMode":false,"pivot":{"x":0.4323362112045288,"y":1.1319680213928223,"z":2.054243564605713},"rotation":{"x":0.03320390358567238,"y":0.9398192167282105,"z":-0.09562593698501587,"w":0.3263327181339264},"size":6.167176246643066,"orthographic":false}