{"cameraMode":{"drawMode":0,"name":"Shaded","section":"Shading Mode"},"sceneLighting":false,"audioPlay":false,"sceneViewState":{"showFog":true,"showMaterialUpdate":false,"showSkybox":true,"showFlares":true,"showImageEffects":true,"showParticleSystems":true},"in2DMode":false,"pivot":{"x":2.049999952316284,"y":1.4900000095367432,"z":6.880000114440918},"rotation":{"x":0.13842596113681794,"y":-0.019310973584651948,"z":0.0026997020468115808,"w":0.9901808500289917},"size":4.577077388763428,"orthographic":true}