{"cameraMode":{"drawMode":0,"name":"Shaded","section":"Shading Mode"},"sceneLighting":false,"audioPlay":false,"sceneViewState":{"showFog":true,"showMaterialUpdate":false,"showSkybox":true,"showFlares":true,"showImageEffects":true,"showParticleSystems":true},"in2DMode":false,"pivot":{"x":1.3283767700195313,"y":2.819999933242798,"z":24.81824493408203},"rotation":{"x":-0.15476982295513154,"y":-0.00682430574670434,"z":0.0010696450481191278,"w":-0.9879264235496521},"size":43.71875,"orthographic":true}