{"cameraMode":{"drawMode":0,"name":"Shaded","section":"Shading Mode"},"sceneLighting":false,"audioPlay":false,"sceneViewState":{"showFog":true,"showMaterialUpdate":false,"showSkybox":true,"showFlares":true,"showImageEffects":true,"showParticleSystems":true},"in2DMode":false,"pivot":{"x":0.4577106237411499,"y":0.44885826110839846,"z":15.580961227416993},"rotation":{"x":0.1640719324350357,"y":-0.6546022295951843,"z":0.1485823690891266,"w":0.7228413820266724},"size":2.8578836917877199,"orthographic":false}