{"cameraMode":{"drawMode":0,"name":"Shaded","section":"Shading Mode"},"sceneLighting":false,"audioPlay":false,"sceneViewState":{"showFog":true,"showMaterialUpdate":false,"showSkybox":true,"showFlares":true,"showImageEffects":true,"showParticleSystems":true},"in2DMode":false,"pivot":{"x":-0.0667872428894043,"y":0.7469237446784973,"z":15.231690406799317},"rotation":{"x":0.06420904397964478,"y":-0.6281102895736694,"z":0.052125439047813418,"w":0.7737168073654175},"size":2.8578836917877199,"orthographic":false}