{"cameraMode":{"drawMode":0,"name":"Shaded","section":"Shading Mode"},"sceneLighting":true,"audioPlay":false,"sceneViewState":{"showFog":true,"showMaterialUpdate":false,"showSkybox":true,"showFlares":true,"showImageEffects":true,"showParticleSystems":true},"in2DMode":false,"pivot":{"x":-0.025170326232910157,"y":0.865845799446106,"z":15.639233589172364},"rotation":{"x":0.087465800344944,"y":-0.02271268516778946,"z":0.0019959851633757354,"w":0.9959065914154053},"size":4.156619071960449,"orthographic":false}