{"cameraMode":{"drawMode":0,"name":"Shaded","section":"Shading Mode"},"sceneLighting":false,"audioPlay":false,"sceneViewState":{"showFog":true,"showMaterialUpdate":false,"showSkybox":true,"showFlares":true,"showImageEffects":true,"showParticleSystems":true},"in2DMode":false,"pivot":{"x":3.0097429752349855,"y":0.30430102348327639,"z":16.819265365600587},"rotation":{"x":0.0457540862262249,"y":0.9378201365470886,"z":-0.13570033013820649,"w":0.3162047266960144},"size":6.88743782043457,"orthographic":false}